pregunta,respuesta
"Que es Vase Labs?","Vase Labs es una empresa que desarrolla ecommerce personalizados, automatizaciones y agentes de IA para ayudar a empresas a vender online, atender clientes y ordenar procesos comerciales."
"Que servicios ofrece Vase Labs?","Vase Labs ofrece desarrollo de tiendas online, ecommerce personalizados, automatizaciones comerciales, agentes de IA para atencion y ventas, integraciones y soluciones digitales para empresas."
"Vase Labs hace tiendas online?","Si. Vase Labs crea ecommerce personalizados para empresas y marcas que necesitan vender online con una experiencia profesional y adaptada a su negocio."
"Que son los agentes de IA de Vase Labs?","Son asistentes inteligentes que pueden responder consultas, orientar clientes, captar datos, ayudar en ventas y automatizar tareas repetitivas dentro de una empresa."
"Puedo automatizar la atencion por WhatsApp?","Si. Vase Labs puede conectar agentes de IA a canales como WhatsApp para responder consultas frecuentes, tomar datos de clientes y derivar a una persona cuando haga falta."
"Cuanto cuesta trabajar con Vase Labs?","El costo depende del tipo de proyecto, el nivel de personalizacion, las integraciones y las automatizaciones necesarias. Para cotizarlo, Vase Labs necesita entender que vende la empresa, si ya tiene tienda online y que procesos quiere mejorar."
"Como empiezo un proyecto con Vase Labs?","Para empezar, conviene contar que tipo de negocio tenes, que vendes, si ya tenes tienda online y que objetivo queres lograr: vender mas, automatizar atencion, integrar sistemas o sumar IA a tus procesos."
"Vase Labs trabaja con empresas?","Si. Vase Labs trabaja con empresas y negocios que buscan mejorar su venta online, automatizar procesos y usar IA de forma practica dentro de su operacion."
"Vase Labs reemplaza a mi equipo comercial?","No necesariamente. La IA puede asistir, responder consultas frecuentes y ordenar conversaciones, pero tambien puede derivar a una persona cuando la consulta necesita criterio humano o cierre comercial."
"Que datos necesita Vase Labs para cotizar?","Nombre, empresa o rubro, que vende, si ya tiene ecommerce, que quiere automatizar o mejorar y un medio de contacto."
